gene_id,baseMean,log2FoldChange,lfcSE,stat,pvalue,padj
ENSG00000152583,954.7944756082373,4.368463701345755,0.23796045346012565,18.357939892217285,2.8522391877373945e-75,4.500548214330835e-71
ENSG00000116584,2277.8854064554102,-1.0345683651068713,0.06216396353589284,-16.64257402939763,3.425703080979254e-62,2.7027084457385825e-58
ENSG00000179094,743.2678698713758,2.863961477627033,0.17511989553804863,16.354289550182916,4.0540895703595387e-60,2.1323159776901054e-56
ENSG00000189221,2383.8017856623405,3.341624871868346,0.2129516466268069,15.691941925785951,1.7172085475873887e-55,6.773958418095352e-52
ENSG00000120129,3440.774823889571,2.9652940161185795,0.2040802693650986,14.53003774124623,7.81773505325964e-48,2.4671208281076776e-44
ENSG00000148175,13494.047432995423,1.4272489972052338,0.09880846031108635,14.444603151508637,2.7111431572526556e-47,7.129854646381609e-44
ENSG00000178695,2685.346282138221,-2.4889845061977054,0.17784170176808858,-13.995505449241724,1.660449533444448e-44,3.742890455459992e-41
ENSG00000134686,2933.671714781474,1.4395534025685202,0.10424026497943613,13.809955326307989,2.2196919967956952e-43,4.378065002179909e-40
ENSG00000109906,439.55316385149047,5.9273023976827,0.432726247732909,13.697580002914915,1.0496468882444585e-42,1.8402642499565902e-39
ENSG00000101347,14135.33837470802,3.8505018232567063,0.28678309962628723,13.42652976508857,4.2276311774196964e-41,6.670779234850539e-38
ENSG00000096060,2630.296201124138,3.945150737935191,0.2950021644924285,13.373294208614007,8.661807063056979e-41,1.242496851345237e-37
ENSG00000166741,7542.37482163864,2.219664276952654,0.16646690027944838,13.333967733083865,1.4687363138815965e-40,1.931265858061476e-37
ENSG00000125148,3695.9333838421244,2.1986484191620264,0.16668390024934962,13.190526594787942,9.948784963984713e-40,1.2075529072824214e-36
ENSG00000162614,5646.26622026756,1.9712228556772324,0.149591776567577,13.177347718621064,1.1848346671318198e-39,1.3353933009052132e-36
ENSG00000106976,989.0260699904112,-1.8500800864164317,0.1468878825101646,-12.59518521746276,2.244324978399616e-36,2.3608802556111696e-33
ENSG00000187193,199.08145275437144,3.2552294818975707,0.26127398498627646,12.459064694361183,1.2482597747811074e-35,1.2310181866419433e-32
ENSG00000256235,1123.488415904872,1.2802325712312896,0.10366094284028342,12.35019223396241,4.859517231623852e-35,4.510489552811339e-32
ENSG00000164125,7257.059468353296,1.0249195167327594,0.08468382454822147,12.102895945011788,1.0195004324461854e-33,8.937054068649088e-31
ENSG00000177666,2639.5890119836263,1.1400802071249554,0.09426525012226489,12.094384788097807,1.130862191511428e-33,9.391512905188855e-31
ENSG00000198624,2020.088005014214,2.8141891593264536,0.24171004625290526,11.642830750948267,2.495917188043318e-31,1.969153865506776e-28
